{
	"variables": [],
	"info": {
		"name": "Project5",
		"_postman_id": "2227df91-f07a-d1c6-ca27-a7aea0c879c9",
		"description": "",
		"schema": "https://schema.getpostman.com/json/collection/v2.0.0/collection.json"
	},
	"item": [
		{
			"name": "http://localhost:8080/api/movies",
			"event": [
				{
					"listen": "test",
					"script": {
						"type": "text/javascript",
						"exec": [
							"tests[\"Status code is 200\"] = responseCode.code === 200;"
						]
					}
				}
			],
			"request": {
				"url": "http://localhost:8080/api/movies",
				"method": "GET",
				"header": [
					{
						"key": "Content-Type",
						"value": "application/x-www-form-urlencoded",
						"description": ""
					}
				],
				"body": {
					"mode": "urlencoded",
					"urlencoded": [
						{
							"key": "title",
							"value": "Lotus Blossums",
							"type": "text",
							"enabled": true
						},
						{
							"key": "year",
							"value": "2017",
							"type": "text",
							"enabled": true
						},
						{
							"key": "actor",
							"value": "[Genna Lee, Patrick Stewart]",
							"type": "text",
							"enabled": true
						},
						{
							"key": "review",
							"value": "Great!",
							"type": "text",
							"enabled": true
						}
					]
				},
				"description": "project 5 \nto CRUD for movies :title, year, [actor(s)], review"
			},
			"response": []
		},
		{
			"name": "http://localhost:8080/api/movies/movie_title",
			"event": [
				{
					"listen": "test",
					"script": {
						"type": "text/javascript",
						"exec": [
							"tests[\"Status code is 200\"] = responseCode.code === 200;"
						]
					}
				}
			],
			"request": {
				"url": "http://localhost:8080/api/movies/movie_title",
				"method": "GET",
				"header": [
					{
						"key": "Content-Type",
						"value": "application/x-www-form-urlencoded",
						"description": ""
					}
				],
				"body": {
					"mode": "urlencoded",
					"urlencoded": [
						{
							"key": "title",
							"value": "Lotus Blossums",
							"type": "text",
							"enabled": true
						},
						{
							"key": "year",
							"value": "2017",
							"type": "text",
							"enabled": true
						},
						{
							"key": "actor",
							"value": "[Genna Lee, Patrick Stewart]",
							"type": "text",
							"enabled": true
						},
						{
							"key": "review",
							"value": "Great!",
							"type": "text",
							"enabled": true
						}
					]
				},
				"description": ""
			},
			"response": []
		},
		{
			"name": "http://localhost:8080/api/movies/movie_title",
			"event": [
				{
					"listen": "test",
					"script": {
						"type": "text/javascript",
						"exec": [
							"tests[\"Status code is 200\"] = responseCode.code === 200;"
						]
					}
				}
			],
			"request": {
				"url": "http://localhost:8080/api/movies/movie_title",
				"method": "GET",
				"header": [
					{
						"key": "Content-Type",
						"value": "application/x-www-form-urlencoded",
						"description": ""
					}
				],
				"body": {
					"mode": "urlencoded",
					"urlencoded": [
						{
							"key": "title",
							"value": "Lotus Blossums",
							"type": "text",
							"enabled": true
						},
						{
							"key": "year",
							"value": "2017",
							"type": "text",
							"enabled": true
						},
						{
							"key": "actor",
							"value": "[Genna Lee, Patrick Stewart]",
							"type": "text",
							"enabled": true
						},
						{
							"key": "review",
							"value": "Great!",
							"type": "text",
							"enabled": true
						}
					]
				},
				"description": ""
			},
			"response": []
		},
		{
			"name": "http://localhost:8080/api/movies/movie_title",
			"event": [
				{
					"listen": "test",
					"script": {
						"type": "text/javascript",
						"exec": [
							"tests[\"Status code is 200\"] = responseCode.code === 200;"
						]
					}
				}
			],
			"request": {
				"url": "http://localhost:8080/api/movies/movie_title",
				"method": "POST",
				"header": [
					{
						"key": "Content-Type",
						"value": "application/x-www-form-urlencoded",
						"description": ""
					}
				],
				"body": {
					"mode": "urlencoded",
					"urlencoded": [
						{
							"key": "title",
							"value": "Lotus Blossums",
							"type": "text",
							"enabled": true
						},
						{
							"key": "year",
							"value": "2017",
							"type": "text",
							"enabled": true
						},
						{
							"key": "actor",
							"value": "[Genna Lee, Patrick Stewart]",
							"type": "text",
							"enabled": true
						},
						{
							"key": "review",
							"value": "Great!",
							"type": "text",
							"enabled": true
						}
					]
				},
				"description": ""
			},
			"response": []
		}
	]
}